make,model
Chevrolet,Equinox
GMC,Yukon
Volkswagen,Tiguan
Ford,F-150
RAM,2500
Kia,Forte
GMC,Acadia
Volkswagen,Atlas
Genesis,G80
BMW,5 Series
Nissan,Rogue
Honda,Civic Coupe
Mercedes-Benz,GLC-Class
GMC,Sierra 1500
Mazda,CX-5
Ford,Escape
GMC,Terrain
Toyota,Camry
Ford,Mustang
Land Rover,Range Rover Evoque
Honda,Accord
Ford,Ranger
Toyota,Yaris
Ford,Explorer
Volkswagen,Golf
Mazda,CX-9
RAM,3500
Chevrolet,Spark
Mazda,MAZDA3
Mercedes-Benz,GLS-Class
Lexus,ES 350
Hyundai,Accent
Toyota,Sienna
Kia,Soul
Nissan,Murano
INFINITI,QX60
Volkswagen,Jetta
Honda,Civic
Cadillac,CT6
Hyundai,Venue
Ford,Transit Connect
Jeep,Grand Cherokee
Ford,F-250 Super Duty
Hyundai,Elantra
GMC,Yukon XL
GMC,Sierra 2500HD
Mazda,3 Sport
Toyota,Highlander
Jeep,Cherokee
Audi,A5 Sportback
Mitsubishi,Eclipse Cross
Kia,Optima
INFINITI,Q60
Ford,EcoSport
Subaru,Crosstrek
Chevrolet,Trax
Lexus,NX
Jeep,Compass
Chevrolet,Colorado
INFINITI,Q50
Lincoln,MKZ
Mercedes-Benz,GLE-Class
Chevrolet,Express Cargo
Lexus,RX 350
Dodge,Charger
Nissan,Pathfinder
Chevrolet,Express
Nissan,Titan
Honda,Pilot
Nissan,Altima
Hyundai,Tucson
Kia,Seltos
Chevrolet,Silverado 1500
Ford,Edge
Honda,HR-V
Chevrolet,Silverado 2500HD
Lexus,RX
Kia,Sportage
RAM,1500
Mitsubishi,Outlander
Chevrolet,Cruze
Chevrolet,Malibu
BMW,X3
Nissan,Versa
Dodge,Durango
Honda,Accord Hybrid
Porsche,Cayenne
BMW,3 Series
Honda,Odyssey
MINI,Countryman
Honda,CR-V
Cadillac,XT5
Toyota,Corolla
Subaru,Outback
Toyota,Tundra
Nissan,NV Cargo
Toyota,4Runner
Ford,F 150
Buick,Encore
Subaru,Impreza
Ford,Fusion
Hyundai,Santa Fe
Chevrolet,Suburban
Ford,Fusion Hybrid
Toyota,RAV4
Kia,Sorento
Porsche,911
Subaru,Forester
BMW,X7
Dodge,Sprinter
Audi,A8
Hyundai,Ioniq Hybrid
Nissan,Sentra
Volvo,XC90
Lincoln,Corsair
Mercedes-Benz,GLA-Class
RAM,5500 Chassis
Kia,Niro
Toyota,RAV 4
Dodge,Grand Caravan
Jeep,Gladiator
Ford,Expedition
Dodge,Journey
Chrysler,Town & Country
Cadillac,Escalade
Chevrolet,Impala
Mitsubishi,Lancer
Mercedes-Benz,C-Class
Hyundai,Palisade
Chevrolet,Traverse
Toyota,Venza
Jeep,Wrangler Unlimited
Audi,A6
Ford,Fiesta
Chevrolet,Silverado 2500
Jeep,Wrangler
Audi,S4
Cadillac,CTS
Buick,Encore GX
Kia,Sedona
Tesla,Model 3
Honda,Insight
INFINITI,QX50
Volkswagen,GTI
Dodge,RAM 1500
Mercedes-Benz,Sprinter
Chrysler,Grand Caravan
BMW,X6
Toyota,Tacoma
Cadillac,XT4
BMW,2 Series
Dodge,Ram 3500
Acura,MDX
BMW,X5
Subaru,Ascent
Subaru,XV Crosstrek
Honda,Fit
Honda,Ridgeline
Chrysler,Pacifica
Cadillac,ATS
BMW,X1
Toyota,Avalon
Audi,Q5
Mercedes-Benz,E-Class
Buick,Enclave
GMC,Sierra 3500HD
Chevrolet,Silverado 3500HD Chassis
Honda,Civic Hatchback
Lexus,NX 200t
Lincoln,MKX
Chevrolet,Tahoe
Jaguar,F-PACE
BMW,7 Series
Audi,Q3
Ford,F 350
Audi,A3
Cadillac,CT5
Mitsubishi,Mirage
Land Rover,Range Rover
Volvo,XC60
Dodge,Ram 1500
Volvo,S60
Mitsubishi,RVR
Nissan,LEAF
Acura,TLX
Lincoln,MKZ Hybrid
MINI,Cooper
Nissan,Rogue Sport
Chevrolet,Avalanche
Honda,Passport
Volkswagen,Atlas Cross Sport
Mercedes-Benz,M-Class
Dodge,Challenger
Hyundai,Sonata
Hyundai,Kona
Mazda,MAZDA6
Honda,CR-V Hybrid
Lexus,ES
Nissan,Kicks
Audi,A4
Buick,Envision
Ford,Transit Passenger
Mercedes-Benz,S-Class
Chevrolet,Blazer
Volkswagen,Passat
BMW,4 Series
Mazda,MX-5 Miata
Ford,Flex
Cadillac,XT6
Lexus,IS 250
Mitsubishi,Outlander Sport
Jeep,Patriot
Toyota,Prius
Nissan,Qashqai
GMC,Canyon
Ford,F 250
Infiniti,Q50
Chevrolet,Silverado 3500HD
Jeep,Renegade
Hyundai,Elantra GT
Mercedes-Benz,Sprinter Van
Chevrolet,Camaro
Toyota,4-Runner
Mercedes-Benz,CLA-Class
Land Rover,Range Rover Velar
Nissan,Frontier
BMW,X2
Mercedes-Benz,GLC
Nissan,Armada
Subaru,Legacy
Audi,A5
Chevrolet,Volt
Kia,Rio
Volvo,XC40
Dodge,Caliber
Lincoln,Aviator
Jeep,Liberty
Volvo,S90
Toyota,RAV4 Hybrid
Porsche,Macan
Toyota,C-HR
Volkswagen,Beetle
Ford,Focus
Alfa Romeo,Giulia
Acura,ILX
Land Rover,Discovery
Acura,RDX
Ford,Transit Cargo
Chevrolet,Bolt EV
RAM,ProMaster City
Lincoln,Nautilus
Alfa Romeo,Stelvio
Fiat,500
Subaru,WRX
Lincoln,MKC
Nissan,Maxima
Chevrolet,Cobalt
Acura,TL
Buick,LaCrosse
Dodge,RAM 2500
Ford,Transit
BMW,X4
Land Rover,Range Rover Sport
Toyota,Highlander Hybrid
Nissan,Juke
Audi,SQ5
Mercedes-Benz,GL-Class
Toyota,Camry Hybrid
Ford,F-350 Super Duty
Toyota,Sequoia
Land Rover,Discovery Sport
Mazda,CX-3
Buick,Verano
Mazda,CX-30
Mitsubishi,Mirage G4
Mercedes-Benz,SL-Class
Mercedes-Benz,A-Class
Chevrolet,Trailblazer
Ford,E-Series
RAM,ProMaster
Freightliner,Sprinter
Chevrolet,Sonic
GMC,Sierra 2500
Cadillac,XTS
Kia,Telluride
Kia,K5
Tesla,Model S
Cadillac,CT4
Ford,Escape Hybrid
Cadillac,Escalade ESV
Pontiac,G6
Acura,TSX
Dodge,Avenger
Lexus,GX
Ford,Taurus
Hyundai,Sonata Hybrid
Chevrolet,Corvette
Lincoln,Navigator
Chrysler,200
Lincoln,Continental
Chevrolet,C/K 1500
Nissan,NV200
Chrysler,300
Hyundai,Santa Fe Sport
Toyota,Prius Prime
Infiniti,QX50
Genesis,G70
Nissan,Xterra
Lexus,GS 350
Lexus,IS
Chrysler,Voyager
Lexus,RX Hybrid
Lexus,ES Hybrid
Maserati,Ghibli
RAM,Dakota
Kia,Stinger
Audi,Q8
Honda,Clarity Hybrid Plug-In 
Toyota,Corolla Hybrid
Dodge,Dakota
Nissan,Versa Note
Ford,Bronco Sport
Audi,Q7
Dodge,Dart
GMC,Sierra 3500
Ford,F-450 Super Duty
INFINITI,QX80
Ford,F-350 Super Duty Chassis
Mercedes-AMG,GLC
Chrysler,Sebring
Chrysler,Pacifica Hybrid
Honda,Accord Coupe
BMW,i3
Mercedes-AMG,C-Class
Toyota,Avalon Hybrid
Hyundai,Veloster
Dodge,Ram 2500
Maserati,Levante
Jaguar,XF
Dodge,Caravan
Volkswagen,Arteon
Mercedes-Benz,GLB-Class
GMC,Savana Cargo
Volkswagen,Touareg
GMC,Savana
Ford,Fusion Energi
Mazda,3
Jaguar,XE
Ford,F-550 Super Duty Chassis
INFINITI,QX30
MINI,Cooper Clubman
Infiniti,G37
Toyota,Matrix
GMC,C/K 1500
RAM,3500 Chassis
Cadillac,SRX
Infiniti,QX80
INFINITI,G37
Buick,Regal
Porsche,Panamera
Infiniti,QX60
Volvo,V60
Hyundai,Genesis
FIAT,500
Toyota,Corolla Hatchback
Infiniti,Q60
Mercedes-AMG,E-Class
Mercedes-AMG,S-Class
Mercedes-AMG,A-Class
Infiniti,QX30
Plymouth,Voyager
Audi,200
GMC,Suburban
